landscape_id,batch_size,virtual_screen,time_3xrounds
B1L100RNA1,100,1,6.130011796951294
B1L100RNA1,100,10,41.66475701332092
B1L100RNA1,100,100,378.53359270095825
B1L100RNA1,1000,1,43.80084705352783
B1L100RNA1,1000,10,411.61217069625854
B1L100RNA1,1000,100,4245.0328760147095
