landscape_id,batch_size,virtual_screen,time_3xrounds
B1L14RNA1,100,1,22.61908721923828
B1L14RNA1,100,10,23.164401054382324
B1L14RNA1,100,100,22.966374158859253
